[{"corporateCustomer":{"foundationDate":"01\/01\/1990","registryNumber":"818181","placeOfRegistration":"United States","cardId":"55555555555","companyName":"MICROSOFT","Id":1}},{"corporateCustomer":{"foundationDate":"01\/01\/1991","registryNumber":"32131","placeOfRegistration":"RUSSIA","cardId":"66666666666","companyName":"YANDEX","Id":2}},{"corporateCustomer":{"foundationDate":"01\/01\/1992","registryNumber":"818182","placeOfRegistration":"LATVIA","cardId":"77777777777","companyName":"DECTA","Id":3}},{"privateCustomer":{"firstName":"Yuri","lastName":"Vladimir","placeOfRegistration":"United States","cardId":"11111111111","Id":1,"birthDate":"01\/01\/1980"}},{"privateCustomer":{"firstName":"Antons","lastName":"Ivaska","placeOfRegistration":"Latvia","cardId":"22222222222","Id":2,"birthDate":"01\/01\/1991"}},{"privateCustomer":{"firstName":"Osman","lastName":"kartal","placeOfRegistration":"Turkey","cardId":"33333333333","Id":3,"birthDate":"01\/01\/1992"}}]